{
  "timestamp": "2026-02-05 01:59:12",
  "week_processed": 1,
  "next_week": 2,
  "summary": {
    "1": {
      "old_size": 13,
      "new_size": 14,
      "new_value": -0.0,
      "old_best": 7.710875114502849e-16,
      "new_best": 7.710875114502849e-16,
      "improved": 