{
  "timestamp": "2026-04-11 23:35:58",
  "run_week": 10,
  "week_processed": 10,
  "next_week": 11,
  "tuning_week_used": 11,
  "summary": {
    "1": {
      "improved": false
    },
    "2": {
      "improved": false
    },
    "3": {
      "improved": false
    },
    "4": {
      "improved": false
    },
    "5": {
      "improved": false
    },
    "6": {
      "improved": false
    },
    "7": {
      "improved": false
    },
    "8": {
      "improved": false
    }
  },
  "proposals": [
    {
      "function": 1,
      "input_array": [
        0.01972664336868135,
        0.48253906152519677
      ],
      "portal_string": "0.019727-0.482539",
      "current_best": 2.569308323264287e-12,
      "n_evaluations": 20,
      "description": "2D source localisation (contamination/radiation detection)",
      "diagnostics": {
        "status": "ok",
        "func_id": 1,
        "run_week": 10,
        "proposal_week": 11,
        "tuning_week": 11,
        "acquisition": "ucb",
        "xi": 0.01,
        "kappa": 2.8,
        "best_score": 2.7088511422531556,
        "pred_mean_scaled": 0.11731212624473583,
        "pred_std_scaled": 0.9255496485744359,
        "y_best_scaled": 0.22941573679554786,
        "y_best_original": 2.569308323264287e-12,
        "n_candidates": 150000,
        "kernel": "1.09**2 * Matern(length_scale=[8, 0.0388], nu=2.5) + WhiteKernel(noise_level=2.71e-06)"
      }
    },
    {
      "function": 2,
      "input_array": [
        0.6962044131592419,
        0.9918258396278796
      ],
      "portal_string": "0.696204-0.991826",
      "current_best": 0.614482,
      "n_evaluations": 20,
      "description": "2D noisy scoring system with local optima",
      "diagnostics": {
        "status": "ok",
        "func_id": 2,
        "run_week": 10,
        "proposal_week": 11,
        "tuning_week": 11,
        "acquisition": "ei",
        "xi": 0.0015,
        "kappa": 2.0,
        "best_score": 0.14798673064942172,
        "pred_mean_scaled": 1.4506786463050192,
        "pred_std_scaled": 0.15015966026920316,
        "y_best_scaled": 1.3167856568155676,
        "y_best_original": 0.614482,
        "n_candidates": 160000,
        "kernel": "0.94**2 * Matern(length_scale=[0.022, 1.65], nu=2.5) + WhiteKernel(noise_level=3.43e-09)"
      }
    },
    {
      "function": 3,
      "input_array": [
        0.03491791662974286,
        0.012994704153438619,
        0.8244760865262369
      ],
      "portal_string": "0.034918-0.012995-0.824476",
      "current_best": -0.034835313350078584,
      "n_evaluations": 25,
      "description": "3D drug discovery mixture optimisation",
      "diagnostics": {
        "status": "ok",
        "func_id": 3,
        "run_week": 10,
        "proposal_week": 11,
        "tuning_week": 11,
        "acquisition": "ucb",
        "xi": 0.015,
        "kappa": 2.5,
        "best_score": 1.855719960785038,
        "pred_mean_scaled": 0.2531365209146548,
        "pred_std_scaled": 0.641033375948153,
        "y_best_scaled": 0.8827411814536729,
        "y_best_original": -0.034835313350078584,
        "n_candidates": 200000,
        "kernel": "1.36**2 * Matern(length_scale=[12, 7.67, 0.0687], nu=2.5) + WhiteKernel(noise_level=0.0478)"
      }
    },
    {
      "function": 4,
      "input_array": [
        0.40311326789429625,
        0.4279458954322497,
        0.4010867370078155,
        0.42450632915715003
      ],
      "portal_string": "0.403113-0.427946-0.401087-0.424506",
      "current_best": 0.5504026427077808,
      "n_evaluations": 40,
      "description": "4D business configuration with costly evaluations",
      "diagnostics": {
        "status": "ok",
        "func_id": 4,
        "run_week": 10,
        "proposal_week": 11,
        "tuning_week": 11,
        "acquisition": "ucb",
        "xi": 0.01,
        "kappa": 2.6,
        "best_score": 1.5002044872228342,
        "pred_mean_scaled": 1.3865667387448752,
        "pred_std_scaled": 0.04373129866021335,
        "y_best_scaled": 1.4139433561409531,
        "y_best_original": 0.5504026427077808,
        "n_candidates": 220000,
        "kernel": "2.64**2 * Matern(length_scale=[1.63, 1.52, 1.45, 1.49], nu=2.5) + WhiteKernel(noise_level=0.00163)"
      }
    },
    {
      "function": 5,
      "input_array": [
        0.9893072761093713,
        0.050207252688018955,
        0.994580030676165,
        0.019331253125694947
      ],
      "portal_string": "0.989307-0.050207-0.994580-0.019331",
      "current_best": 7510.798970698351,
      "n_evaluations": 30,
      "description": "4D chemical process yield maximisation",
      "diagnostics": {
        "status": "ok",
        "func_id": 5,
        "run_week": 10,
        "proposal_week": 11,
        "tuning_week": 11,
        "acquisition": "ei",
        "xi": 0.0005,
        "kappa": 2.0,
        "best_score": 3.7927124293559616e-08,
        "pred_mean_scaled": -0.4335288467555074,
        "pred_std_scaled": 0.5935863644349674,
        "y_best_scaled": 2.514109044358212,
        "y_best_original": 7510.798970698351,
        "n_candidates": 180000,
        "kernel": "1.92**2 * Matern(length_scale=[1.46, 1.3, 1.59, 1.26], nu=2.5) + WhiteKernel(noise_level=1e-10)"
      }
    },
    {
      "function": 6,
      "input_array": [
        0.46551295514869173,
        0.27141446412607684,
        0.5739760958472176,
        0.7675029766596022,
        0.0031986679301434506
      ],
      "portal_string": "0.465513-0.271414-0.573976-0.767503-0.003199",
      "current_best": -0.510686,
      "n_evaluations": 30,
      "description": "5D recipe-style optimisation",
      "diagnostics": {
        "status": "ok",
        "func_id": 6,
        "run_week": 10,
        "proposal_week": 11,
        "tuning_week": 11,
        "acquisition": "ei",
        "xi": 0.005,
        "kappa": 2.2,
        "best_score": 0.18946358073682196,
        "pred_mean_scaled": 1.530586384551813,
        "pred_std_scaled": 0.1759350113260006,
        "y_best_scaled": 1.3509953932849195,
        "y_best_original": -0.510686,
        "n_candidates": 240000,
        "kernel": "1.24**2 * Matern(length_scale=[0.663, 0.588, 0.811, 0.602, 1.34], nu=2.5) + WhiteKernel(noise_level=0.00276)"
      }
    },
    {
      "function": 7,
      "input_array": [
        0.03436737053525085,
        0.2900398516129613,
        0.5804888757717408,
        0.3621637104027521,
        0.41393635427539655,
        0.6592252438807871
      ],
      "portal_string": "0.034367-0.290040-0.580489-0.362164-0.413936-0.659225",
      "current_best": 2.4253335916220515,
      "n_evaluations": 40,
      "description": "6D hyperparameter tuning",
      "diagnostics": {
        "status": "ok",
        "func_id": 7,
        "run_week": 10,
        "proposal_week": 11,
        "tuning_week": 11,
        "acquisition": "ucb",
        "xi": 0.006,
        "kappa": 1.8,
        "best_score": 2.712655213985207,
        "pred_mean_scaled": 2.488246375848635,
        "pred_std_scaled": 0.12467157674253984,
        "y_best_scaled": 2.61037540581261,
        "y_best_original": 2.4253335916220515,
        "n_candidates": 300000,
        "kernel": "0.653**2 * Matern(length_scale=[0.644, 0.316, 0.962, 0.442, 0.302, 0.257], nu=2.5) + WhiteKernel(noise_level=7.16e-06)"
      }
    },
    {
      "function": 8,
      "input_array": [
        0.16217648941568974,
        0.026176461798749773,
        0.004732011721212626,
        0.0035689287730594765,
        0.9528328454590023,
        0.30239487304526436,
        0.018580362620656654,
        0.8605475733004102
      ],
      "portal_string": "0.162176-0.026176-0.004732-0.003569-0.952833-0.302395-0.018580-0.860548",
      "current_best": 9.9598463043471,
      "n_evaluations": 50,
      "description": "8D high-dimensional hyperparameter optimisation",
      "diagnostics": {
        "status": "ok",
        "func_id": 8,
        "run_week": 10,
        "proposal_week": 11,
        "tuning_week": 11,
        "acquisition": "ei",